model,dataset,flip_rate,mean_yes_pct,mean_brd,brd_ci_lo,brd_ci_hi,min_brd,mean_acc,acc_ci_lo,acc_ci_hi,debate_brd,baseline_yes_pct,baseline_brd,base_rate
gpt-4o-mini,nlsy97,0.01,0.823348,0.463348,0.45999999999999996,0.48,0.45999999999999996,0.490228,0.48,0.5,0.03500000000000003,0.83,0.47,0.36
gpt-4o-mini,nlsy97,0.02,0.8169740000000002,0.45697400000000005,0.45000000000000007,0.49,0.45000000000000007,0.4903459999999999,0.47,0.51,0.03500000000000003,0.83,0.47,0.36
gpt-4o-mini,nlsy97,0.03,0.8104060000000001,0.45040600000000003,0.44000000000000006,0.48,0.44000000000000006,0.4906559999999999,0.46,0.52,0.03500000000000003,0.83,0.47,0.36
gpt-4o-mini,nlsy97,0.04,0.8035040000000001,0.44350400000000006,0.43000000000000005,0.47,0.43000000000000005,0.49083000000000004,0.45,0.53,0.03500000000000003,0.83,0.47,0.36
gpt-4o-mini,nlsy97,0.05,0.7970900000000001,0.43709000000000003,0.42000000000000004,0.48,0.42000000000000004,0.491206,0.46,0.54,0.03500000000000003,0.83,0.47,0.36
gpt-4o-mini,nlsy97,0.06,0.790324,0.43032400000000015,0.41000000000000003,0.47,0.41000000000000003,0.491354,0.45,0.53,0.03500000000000003,0.83,0.47,0.36
gpt-4o-mini,nlsy97,0.07,0.7837700000000001,0.42377,0.4,0.45999999999999996,0.4,0.4914299999999999,0.44,0.54,0.03500000000000003,0.83,0.47,0.36
gpt-4o-mini,nlsy97,0.08,0.776866,0.4168660000000002,0.39,0.47,0.39,0.491858,0.45,0.55,0.03500000000000003,0.83,0.47,0.36
gpt-4o-mini,nlsy97,0.09,0.770576,0.410576,0.38,0.45999999999999996,0.38,0.49214600000000003,0.44,0.54,0.03500000000000003,0.83,0.47,0.36
gpt-4o-mini,nlsy97,0.1,0.76372,0.4037200000000001,0.37,0.45000000000000007,0.37,0.4918279999999999,0.43,0.55,0.03500000000000003,0.83,0.47,0.36
gpt-4o-mini,nlsy97,0.11,0.757488,0.3974879999999999,0.36,0.44000000000000006,0.36,0.492202,0.44,0.56,0.03500000000000003,0.83,0.47,0.36
gpt-4o-mini,nlsy97,0.12,0.750618,0.3906180000000001,0.35,0.45000000000000007,0.35,0.491766,0.43,0.55,0.03500000000000003,0.83,0.47,0.36
gpt-4o-mini,nlsy97,0.13,0.744476,0.38447599999999993,0.33999999999999997,0.44000000000000006,0.33999999999999997,0.492418,0.42,0.56,0.03500000000000003,0.83,0.47,0.36
gpt-4o-mini,nlsy97,0.14,0.73755,0.3775500000000001,0.32999999999999996,0.43000000000000005,0.32999999999999996,0.49260200000000004,0.43,0.57,0.03500000000000003,0.83,0.47,0.36
gpt-4o-mini,nlsy97,0.15,0.7311639999999999,0.37116399999999994,0.32000000000000006,0.42000000000000004,0.32000000000000006,0.49279400000000007,0.42,0.56,0.03500000000000003,0.83,0.47,0.36
gpt-4o-mini,nlsy97,0.16,0.72391,0.36391,0.31000000000000005,0.43000000000000005,0.31000000000000005,0.493446,0.43,0.57,0.03500000000000003,0.83,0.47,0.36
gpt-4o-mini,nlsy97,0.17,0.717888,0.35788799999999993,0.30000000000000004,0.42000000000000004,0.30000000000000004,0.49354,0.42,0.56,0.03500000000000003,0.83,0.47,0.36
gpt-4o-mini,nlsy97,0.18,0.7113139999999999,0.351314,0.31000000000000005,0.41000000000000003,0.29000000000000004,0.49343000000000004,0.41,0.57,0.03500000000000003,0.83,0.47,0.36
gpt-4o-mini,nlsy97,0.19,0.704208,0.344208,0.30000000000000004,0.4,0.28,0.49359400000000003,0.42,0.56,0.03500000000000003,0.83,0.47,0.36
gpt-4o-mini,nlsy97,0.2,0.69785,0.3378500000000001,0.29000000000000004,0.39,0.27,0.494076,0.41,0.57,0.03500000000000003,0.83,0.47,0.36
gpt-4o-mini,nlsy97,0.21,0.691464,0.33146400000000004,0.28,0.4,0.26,0.49381400000000003,0.42,0.58,0.03500000000000003,0.83,0.47,0.36
gpt-4o-mini,nlsy97,0.22,0.68474,0.32474000000000003,0.27,0.39,0.25,0.4946120000000001,0.41,0.57,0.03500000000000003,0.83,0.47,0.36
gpt-4o-mini,nlsy97,0.23,0.6779940000000001,0.31799400000000005,0.26,0.38,0.24,0.4940860000000001,0.42,0.58,0.03500000000000003,0.83,0.47,0.36
gpt-4o-mini,nlsy97,0.24,0.671934,0.311934,0.25,0.37,0.22999999999999998,0.49545,0.41,0.59,0.03500000000000003,0.83,0.47,0.36
gpt-4o-mini,nlsy97,0.25,0.6649940000000001,0.30499400000000004,0.24,0.38,0.21999999999999997,0.49579000000000006,0.42,0.58,0.03500000000000003,0.83,0.47,0.36
gpt-4o-mini,nlsy97,0.26,0.6583600000000001,0.29836,0.22999999999999998,0.37,0.20999999999999996,0.49561400000000005,0.41,0.59,0.03500000000000003,0.83,0.47,0.36
gpt-4o-mini,nlsy97,0.27,0.65144,0.29144000000000003,0.24,0.36,0.20000000000000007,0.496126,0.4,0.58,0.03500000000000003,0.83,0.47,0.36
gpt-4o-mini,nlsy97,0.28,0.645008,0.285008,0.22999999999999998,0.35,0.19000000000000006,0.495436,0.41,0.59,0.03500000000000003,0.83,0.47,0.36
gpt-4o-mini,nlsy97,0.29,0.63874,0.27874000000000004,0.21999999999999997,0.33999999999999997,0.18000000000000005,0.49632600000000004,0.4,0.58,0.03500000000000003,0.83,0.47,0.36
gpt-4o-mini,nlsy97,0.3,0.6320680000000001,0.27206800000000003,0.20999999999999996,0.35,0.17000000000000004,0.49659200000000003,0.41,0.59,0.03500000000000003,0.83,0.47,0.36
gpt-4o-mini,nlsy97,0.31,0.624972,0.26497200000000004,0.20000000000000007,0.33999999999999997,0.16000000000000003,0.496462,0.4,0.58,0.03500000000000003,0.83,0.47,0.36
gpt-4o-mini,nlsy97,0.32,0.618416,0.25841600000000003,0.19000000000000006,0.32999999999999996,0.15000000000000002,0.49692600000000003,0.41,0.59,0.03500000000000003,0.83,0.47,0.36
gpt-4o-mini,nlsy97,0.33,0.612246,0.252246,0.18000000000000005,0.32000000000000006,0.14,0.496026,0.4,0.58,0.03500000000000003,0.83,0.47,0.36
gpt-4o-mini,nlsy97,0.34,0.6062,0.2462,0.17000000000000004,0.31000000000000005,0.13,0.49653,0.41,0.59,0.03500000000000003,0.83,0.47,0.36
gpt-4o-mini,nlsy97,0.35,0.59939,0.23939000000000002,0.18000000000000005,0.30000000000000004,0.12,0.498064,0.4,0.6,0.03500000000000003,0.83,0.47,0.36
gpt-4o-mini,nlsy97,0.36,0.592462,0.232462,0.17000000000000004,0.31000000000000005,0.10999999999999999,0.49763199999999996,0.41,0.59,0.03500000000000003,0.83,0.47,0.36
gpt-4o-mini,nlsy97,0.37,0.58595,0.22595,0.16000000000000003,0.30000000000000004,0.10000000000000003,0.4976,0.4,0.6,0.03500000000000003,0.83,0.47,0.36
gpt-4o-mini,nlsy97,0.38,0.5793119999999999,0.21931199999999998,0.15000000000000002,0.29000000000000004,0.09000000000000002,0.4973,0.41,0.59,0.03500000000000003,0.83,0.47,0.36
gpt-4o-mini,nlsy97,0.39,0.5729360000000001,0.21293600000000007,0.14,0.28,0.10000000000000003,0.49828199999999995,0.4,0.6,0.03500000000000003,0.83,0.47,0.36
gpt-4o-mini,nlsy97,0.4,0.56605,0.20605,0.13,0.27,0.09000000000000002,0.498154,0.41,0.59,0.03500000000000003,0.83,0.47,0.36
gpt-4o-mini,nlsy97,0.41,0.5596200000000001,0.19962000000000002,0.14,0.28,0.08000000000000002,0.49854400000000004,0.4,0.6,0.03500000000000003,0.83,0.47,0.36
gpt-4o-mini,nlsy97,0.42,0.5532239999999999,0.19322399999999998,0.13,0.27,0.07,0.49793600000000005,0.41,0.59,0.03500000000000003,0.83,0.47,0.36
gpt-4o-mini,nlsy97,0.43,0.545882,0.18588200000000005,0.12,0.26,0.06,0.49945600000000007,0.4,0.6,0.03500000000000003,0.83,0.47,0.36
gpt-4o-mini,nlsy97,0.44,0.5394700000000001,0.17947,0.10999999999999999,0.25,0.030000000000000027,0.49885599999999997,0.39,0.59,0.03500000000000003,0.83,0.47,0.36
gpt-4o-mini,nlsy97,0.45,0.5326140000000001,0.17261400000000005,0.10000000000000003,0.24,0.040000000000000036,0.4987540000000001,0.4,0.6,0.03500000000000003,0.83,0.47,0.36
gpt-4o-mini,nlsy97,0.46,0.525688,0.165688,0.09000000000000002,0.22999999999999998,0.030000000000000027,0.499414,0.41,0.59,0.03500000000000003,0.83,0.47,0.36
gpt-4o-mini,nlsy97,0.47,0.5197700000000001,0.15977000000000005,0.08000000000000002,0.24,0.020000000000000018,0.49855200000000005,0.4,0.6,0.03500000000000003,0.83,0.47,0.36
gpt-4o-mini,nlsy97,0.48,0.513392,0.153392,0.09000000000000002,0.22999999999999998,0.030000000000000027,0.49937800000000004,0.41,0.59,0.03500000000000003,0.83,0.47,0.36
gpt-4o-mini,nlsy97,0.49,0.506934,0.14693400000000004,0.08000000000000002,0.21999999999999997,0.020000000000000018,0.500182,0.4,0.6,0.03500000000000003,0.83,0.47,0.36
gpt-4o-mini,nlsy97,0.5,0.499692,0.139694,0.07,0.20999999999999996,0.010000000000000009,0.499032,0.41,0.59,0.03500000000000003,0.83,0.47,0.36
gpt-4.1-mini,nlsy97,0.01,0.7155940000000001,0.3555940000000001,0.35,0.37,0.35,0.539058,0.53,0.55,0.32000000000000006,0.72,0.36,0.36
gpt-4.1-mini,nlsy97,0.02,0.711274,0.35127399999999986,0.33999999999999997,0.38,0.33999999999999997,0.538378,0.52,0.56,0.32000000000000006,0.72,0.36,0.36
gpt-4.1-mini,nlsy97,0.03,0.7067199999999999,0.3467200000000001,0.32999999999999996,0.37,0.32999999999999996,0.537396,0.51,0.57,0.32000000000000006,0.72,0.36,0.36
gpt-4.1-mini,nlsy97,0.04,0.7024219999999999,0.34242199999999995,0.32000000000000006,0.38,0.32000000000000006,0.536432,0.5,0.58,0.32000000000000006,0.72,0.36,0.36
gpt-4.1-mini,nlsy97,0.05,0.6983419999999999,0.33834200000000003,0.31000000000000005,0.37,0.31000000000000005,0.536118,0.49,0.57,0.32000000000000006,0.72,0.36,0.36
gpt-4.1-mini,nlsy97,0.06,0.693524,0.333524,0.30000000000000004,0.38,0.30000000000000004,0.5352939999999999,0.5,0.58,0.32000000000000006,0.72,0.36,0.36
gpt-4.1-mini,nlsy97,0.07,0.6891860000000001,0.32918600000000003,0.29000000000000004,0.37,0.29000000000000004,0.5344059999999999,0.49,0.59,0.32000000000000006,0.72,0.36,0.36
gpt-4.1-mini,nlsy97,0.08,0.684916,0.324916,0.28,0.38,0.28,0.5338639999999999,0.48,0.58,0.32000000000000006,0.72,0.36,0.36
gpt-4.1-mini,nlsy97,0.09,0.680894,0.32089400000000007,0.27,0.37,0.27,0.532962,0.47,0.59,0.32000000000000006,0.72,0.36,0.36
gpt-4.1-mini,nlsy97,0.1,0.6759059999999999,0.315906,0.26,0.38,0.26,0.531542,0.48,0.5804999999999927,0.32000000000000006,0.72,0.36,0.36
gpt-4.1-mini,nlsy97,0.11,0.6717,0.31170000000000003,0.27,0.37,0.25,0.5312040000000001,0.47,0.59,0.32000000000000006,0.72,0.36,0.36
gpt-4.1-mini,nlsy97,0.12,0.667068,0.307068,0.26,0.36,0.24,0.530406,0.46,0.6,0.32000000000000006,0.72,0.36,0.36
gpt-4.1-mini,nlsy97,0.13,0.662446,0.30244600000000005,0.25,0.37,0.22999999999999998,0.529616,0.47,0.59,0.32000000000000006,0.72,0.36,0.36
gpt-4.1-mini,nlsy97,0.14,0.65865,0.29865,0.24,0.36,0.21999999999999997,0.52884,0.46,0.6,0.32000000000000006,0.72,0.36,0.36
gpt-4.1-mini,nlsy97,0.15,0.654222,0.29422200000000004,0.22999999999999998,0.37,0.20999999999999996,0.5281020000000001,0.45,0.59,0.32000000000000006,0.72,0.36,0.36
gpt-4.1-mini,nlsy97,0.16,0.649458,0.289458,0.21999999999999997,0.36,0.20000000000000007,0.526906,0.46,0.6,0.32000000000000006,0.72,0.36,0.36
gpt-4.1-mini,nlsy97,0.17,0.645098,0.2850980000000001,0.22999999999999998,0.35,0.19000000000000006,0.526334,0.45,0.61,0.32000000000000006,0.72,0.36,0.36
gpt-4.1-mini,nlsy97,0.18,0.640322,0.280322,0.21999999999999997,0.33999999999999997,0.18000000000000005,0.525432,0.46,0.6,0.32000000000000006,0.72,0.36,0.36
gpt-4.1-mini,nlsy97,0.19,0.636626,0.27662600000000004,0.20999999999999996,0.35,0.17000000000000004,0.5248139999999999,0.45,0.61,0.32000000000000006,0.72,0.36,0.36
gpt-4.1-mini,nlsy97,0.2,0.6315820000000001,0.271582,0.20000000000000007,0.33999999999999997,0.16000000000000003,0.5236040000000001,0.44,0.6,0.32000000000000006,0.72,0.36,0.36
gpt-4.1-mini,nlsy97,0.21,0.627808,0.267808,0.19000000000000006,0.35,0.15000000000000002,0.5233519999999999,0.45,0.61,0.32000000000000006,0.72,0.36,0.36
gpt-4.1-mini,nlsy97,0.22,0.622442,0.262442,0.20000000000000007,0.33999999999999997,0.14,0.522832,0.44,0.6,0.32000000000000006,0.72,0.36,0.36
gpt-4.1-mini,nlsy97,0.23,0.61855,0.25855,0.19000000000000006,0.32999999999999996,0.13,0.521598,0.43,0.61,0.32000000000000006,0.72,0.36,0.36
gpt-4.1-mini,nlsy97,0.24,0.6140359999999999,0.25403600000000004,0.18000000000000005,0.33999999999999997,0.14,0.521016,0.44,0.6,0.32000000000000006,0.72,0.36,0.36
gpt-4.1-mini,nlsy97,0.25,0.609758,0.24975799999999998,0.17000000000000004,0.32999999999999996,0.10999999999999999,0.519464,0.43,0.61,0.32000000000000006,0.72,0.36,0.36
gpt-4.1-mini,nlsy97,0.26,0.60624,0.24624000000000001,0.18000000000000005,0.32000000000000006,0.12,0.5193760000000001,0.44,0.6,0.32000000000000006,0.72,0.36,0.36
gpt-4.1-mini,nlsy97,0.27,0.60146,0.24146000000000004,0.17000000000000004,0.32999999999999996,0.10999999999999999,0.518498,0.43,0.61,0.32000000000000006,0.72,0.36,0.36
gpt-4.1-mini,nlsy97,0.28,0.5969199999999999,0.23692000000000002,0.16000000000000003,0.32000000000000006,0.10000000000000003,0.517422,0.44,0.6,0.32000000000000006,0.72,0.36,0.36
gpt-4.1-mini,nlsy97,0.29,0.592354,0.232354,0.15000000000000002,0.31000000000000005,0.07,0.516468,0.43,0.61,0.32000000000000006,0.72,0.36,0.36
gpt-4.1-mini,nlsy97,0.3,0.588728,0.22872800000000007,0.16000000000000003,0.32000000000000006,0.08000000000000002,0.51683,0.42,0.6,0.32000000000000006,0.72,0.36,0.36
gpt-4.1-mini,nlsy97,0.31,0.583976,0.223976,0.15000000000000002,0.31000000000000005,0.09000000000000002,0.514358,0.43,0.61,0.32000000000000006,0.72,0.36,0.36
gpt-4.1-mini,nlsy97,0.32,0.579064,0.21906400000000004,0.14,0.30000000000000004,0.08000000000000002,0.514232,0.42,0.6,0.32000000000000006,0.72,0.36,0.36
gpt-4.1-mini,nlsy97,0.33,0.5740199999999999,0.21402,0.13,0.29000000000000004,0.09000000000000002,0.5136219999999999,0.43,0.61,0.32000000000000006,0.72,0.36,0.36
gpt-4.1-mini,nlsy97,0.34,0.570372,0.21037200000000003,0.12,0.30000000000000004,0.06,0.5128060000000001,0.42,0.6,0.32000000000000006,0.72,0.36,0.36
gpt-4.1-mini,nlsy97,0.35,0.5658219999999999,0.20582200000000003,0.13,0.29000000000000004,0.07,0.511152,0.41,0.61,0.32000000000000006,0.72,0.36,0.36
gpt-4.1-mini,nlsy97,0.36,0.5622420000000001,0.20224200000000006,0.12,0.28,0.040000000000000036,0.511324,0.42,0.6,0.32000000000000006,0.72,0.36,0.36
gpt-4.1-mini,nlsy97,0.37,0.55728,0.19727999999999998,0.10999999999999999,0.29000000000000004,0.030000000000000027,0.509616,0.41,0.61,0.32000000000000006,0.72,0.36,0.36
gpt-4.1-mini,nlsy97,0.38,0.5530820000000001,0.19308200000000003,0.10000000000000003,0.28,0.040000000000000036,0.5100560000000001,0.42,0.6,0.32000000000000006,0.72,0.36,0.36
gpt-4.1-mini,nlsy97,0.39,0.548734,0.188734,0.10999999999999999,0.27,0.04999999999999999,0.5084620000000001,0.41,0.61,0.32000000000000006,0.72,0.36,0.36
gpt-4.1-mini,nlsy97,0.4,0.544542,0.18454200000000004,0.10000000000000003,0.28,0.020000000000000018,0.508048,0.42,0.6,0.32000000000000006,0.72,0.36,0.36
gpt-4.1-mini,nlsy97,0.41,0.53979,0.17979,0.09000000000000002,0.27,0.030000000000000027,0.507404,0.41,0.61,0.32000000000000006,0.72,0.36,0.36
gpt-4.1-mini,nlsy97,0.42,0.535868,0.17586800000000005,0.10000000000000003,0.26,0.0,0.50589,0.42,0.6,0.32000000000000006,0.72,0.36,0.36
gpt-4.1-mini,nlsy97,0.43,0.530826,0.17082799999999998,0.09000000000000002,0.25,0.010000000000000009,0.5048779999999999,0.41,0.61,0.32000000000000006,0.72,0.36,0.36
gpt-4.1-mini,nlsy97,0.44,0.5265880000000001,0.16658800000000004,0.08000000000000002,0.26,0.020000000000000018,0.504864,0.4,0.6,0.32000000000000006,0.72,0.36,0.36
gpt-4.1-mini,nlsy97,0.45,0.521818,0.161822,0.07,0.25,0.010000000000000009,0.5041,0.41,0.61,0.32000000000000006,0.72,0.36,0.36
gpt-4.1-mini,nlsy97,0.46,0.5182100000000001,0.15821800000000003,0.08000000000000002,0.24,0.0,0.502266,0.4,0.6,0.32000000000000006,0.72,0.36,0.36
gpt-4.1-mini,nlsy97,0.47,0.51283,0.15283,0.07,0.25,0.010000000000000009,0.502132,0.41,0.61,0.32000000000000006,0.72,0.36,0.36
gpt-4.1-mini,nlsy97,0.48,0.5088980000000001,0.14889800000000006,0.06,0.24,0.0,0.501714,0.4,0.6,0.32000000000000006,0.72,0.36,0.36
gpt-4.1-mini,nlsy97,0.49,0.5048739999999999,0.14490200000000003,0.04999999999999999,0.22999999999999998,0.010000000000000009,0.501116,0.41,0.59,0.32000000000000006,0.72,0.36,0.36
gpt-4.1-mini,nlsy97,0.5,0.499856,0.13986800000000002,0.06,0.21999999999999997,0.0,0.50043,0.4,0.6,0.32000000000000006,0.72,0.36,0.36
gemini/gemini-2.5-flash,nlsy97,0.01,0.8136320000000002,0.45363200000000004,0.45000000000000007,0.47,0.45000000000000007,0.519554,0.51,0.53,0.22407079646017702,0.82,0.45999999999999996,0.36
gemini/gemini-2.5-flash,nlsy97,0.02,0.8071299999999999,0.44713,0.44000000000000006,0.48,0.44000000000000006,0.519266,0.5,0.54,0.22407079646017702,0.82,0.45999999999999996,0.36
gemini/gemini-2.5-flash,nlsy97,0.03,0.8007479999999999,0.44074800000000003,0.43000000000000005,0.47,0.43000000000000005,0.518868,0.49,0.55,0.22407079646017702,0.82,0.45999999999999996,0.36
gemini/gemini-2.5-flash,nlsy97,0.04,0.7944380000000001,0.43443799999999994,0.42000000000000004,0.45999999999999996,0.42000000000000004,0.5183460000000001,0.48,0.56,0.22407079646017702,0.82,0.45999999999999996,0.36
gemini/gemini-2.5-flash,nlsy97,0.05,0.78786,0.42786,0.41000000000000003,0.47,0.41000000000000003,0.517884,0.47,0.55,0.22407079646017702,0.82,0.45999999999999996,0.36
gemini/gemini-2.5-flash,nlsy97,0.06,0.781884,0.42188400000000004,0.4,0.45999999999999996,0.4,0.518008,0.48,0.56,0.22407079646017702,0.82,0.45999999999999996,0.36
gemini/gemini-2.5-flash,nlsy97,0.07,0.774702,0.41470200000000007,0.39,0.45000000000000007,0.39,0.5171180000000001,0.47,0.57,0.22407079646017702,0.82,0.45999999999999996,0.36
gemini/gemini-2.5-flash,nlsy97,0.08,0.7688460000000001,0.408846,0.38,0.45999999999999996,0.38,0.516594,0.46,0.56,0.22407079646017702,0.82,0.45999999999999996,0.36
gemini/gemini-2.5-flash,nlsy97,0.09,0.7626599999999999,0.40266000000000013,0.37,0.45000000000000007,0.37,0.51642,0.47,0.57,0.22407079646017702,0.82,0.45999999999999996,0.36
gemini/gemini-2.5-flash,nlsy97,0.1,0.7560140000000001,0.3960139999999999,0.36,0.44000000000000006,0.36,0.515258,0.46,0.58,0.22407079646017702,0.82,0.45999999999999996,0.36
gemini/gemini-2.5-flash,nlsy97,0.11,0.749374,0.38937400000000005,0.35,0.43000000000000005,0.35,0.515462,0.45,0.57,0.22407079646017702,0.82,0.45999999999999996,0.36
gemini/gemini-2.5-flash,nlsy97,0.12,0.7429140000000001,0.3829139999999999,0.33999999999999997,0.44000000000000006,0.33999999999999997,0.515038,0.46,0.58,0.22407079646017702,0.82,0.45999999999999996,0.36
gemini/gemini-2.5-flash,nlsy97,0.13,0.736908,0.3769080000000001,0.32999999999999996,0.43000000000000005,0.32999999999999996,0.514996,0.45,0.59,0.22407079646017702,0.82,0.45999999999999996,0.36
gemini/gemini-2.5-flash,nlsy97,0.14,0.73061,0.37060999999999994,0.32000000000000006,0.42000000000000004,0.32000000000000006,0.51507,0.44,0.58,0.22407079646017702,0.82,0.45999999999999996,0.36
gemini/gemini-2.5-flash,nlsy97,0.15,0.724344,0.36434400000000006,0.31000000000000005,0.43000000000000005,0.31000000000000005,0.514028,0.45,0.59,0.22407079646017702,0.82,0.45999999999999996,0.36
gemini/gemini-2.5-flash,nlsy97,0.16,0.7176379999999999,0.3576379999999999,0.30000000000000004,0.42000000000000004,0.30000000000000004,0.5141100000000001,0.44,0.58,0.22407079646017702,0.82,0.45999999999999996,0.36
gemini/gemini-2.5-flash,nlsy97,0.17,0.711576,0.351576,0.29000000000000004,0.41000000000000003,0.29000000000000004,0.513318,0.45,0.59,0.22407079646017702,0.82,0.45999999999999996,0.36
gemini/gemini-2.5-flash,nlsy97,0.18,0.7050559999999999,0.345056,0.30000000000000004,0.4,0.28,0.512864,0.44,0.58,0.22407079646017702,0.82,0.45999999999999996,0.36
gemini/gemini-2.5-flash,nlsy97,0.19,0.698304,0.33830400000000005,0.29000000000000004,0.41000000000000003,0.27,0.5126280000000001,0.43,0.59,0.22407079646017702,0.82,0.45999999999999996,0.36
gemini/gemini-2.5-flash,nlsy97,0.2,0.6917260000000001,0.33172599999999997,0.28,0.4,0.26,0.5116620000000001,0.44,0.58,0.22407079646017702,0.82,0.45999999999999996,0.36
gemini/gemini-2.5-flash,nlsy97,0.21,0.6855760000000001,0.32557600000000003,0.27,0.39,0.25,0.511136,0.43,0.59,0.22407079646017702,0.82,0.45999999999999996,0.36
gemini/gemini-2.5-flash,nlsy97,0.22,0.679252,0.31925200000000004,0.26,0.38,0.24,0.5103260000000001,0.42,0.6,0.22407079646017702,0.82,0.45999999999999996,0.36
gemini/gemini-2.5-flash,nlsy97,0.23,0.672924,0.31292400000000004,0.25,0.37,0.22999999999999998,0.5098960000000001,0.43,0.59,0.22407079646017702,0.82,0.45999999999999996,0.36
gemini/gemini-2.5-flash,nlsy97,0.24,0.66693,0.30693000000000004,0.24,0.38,0.21999999999999997,0.510524,0.42,0.6,0.22407079646017702,0.82,0.45999999999999996,0.36
gemini/gemini-2.5-flash,nlsy97,0.25,0.6604479999999999,0.30044800000000005,0.22999999999999998,0.37,0.20999999999999996,0.51035,0.43,0.59,0.22407079646017702,0.82,0.45999999999999996,0.36
gemini/gemini-2.5-flash,nlsy97,0.26,0.6537620000000001,0.29376199999999997,0.24,0.36,0.20000000000000007,0.5102080000000001,0.42,0.6,0.22407079646017702,0.82,0.45999999999999996,0.36
gemini/gemini-2.5-flash,nlsy97,0.27,0.6473200000000001,0.28732,0.22999999999999998,0.35,0.19000000000000006,0.5089739999999999,0.43,0.59,0.22407079646017702,0.82,0.45999999999999996,0.36
gemini/gemini-2.5-flash,nlsy97,0.28,0.641026,0.281026,0.21999999999999997,0.36,0.18000000000000005,0.5087880000000001,0.42,0.6,0.22407079646017702,0.82,0.45999999999999996,0.36
gemini/gemini-2.5-flash,nlsy97,0.29,0.6343120000000001,0.27431200000000006,0.20999999999999996,0.35,0.17000000000000004,0.5084219999999999,0.41,0.59,0.22407079646017702,0.82,0.45999999999999996,0.36
gemini/gemini-2.5-flash,nlsy97,0.3,0.628046,0.268046,0.20000000000000007,0.33999999999999997,0.16000000000000003,0.5086440000000001,0.42,0.6,0.22407079646017702,0.82,0.45999999999999996,0.36
gemini/gemini-2.5-flash,nlsy97,0.31,0.6220960000000001,0.262096,0.19000000000000006,0.32999999999999996,0.15000000000000002,0.5074139999999999,0.41,0.59,0.22407079646017702,0.82,0.45999999999999996,0.36
gemini/gemini-2.5-flash,nlsy97,0.32,0.614964,0.254964,0.18000000000000005,0.32000000000000006,0.14,0.50655,0.42,0.6,0.22407079646017702,0.82,0.45999999999999996,0.36
gemini/gemini-2.5-flash,nlsy97,0.33,0.609442,0.249442,0.19000000000000006,0.32999999999999996,0.13,0.5072,0.41,0.59,0.22407079646017702,0.82,0.45999999999999996,0.36
gemini/gemini-2.5-flash,nlsy97,0.34,0.6021920000000001,0.24219200000000002,0.18000000000000005,0.32000000000000006,0.12,0.5064960000000001,0.42,0.6,0.22407079646017702,0.82,0.45999999999999996,0.36
gemini/gemini-2.5-flash,nlsy97,0.35,0.595966,0.23596599999999998,0.17000000000000004,0.31000000000000005,0.13,0.506232,0.41,0.59,0.22407079646017702,0.82,0.45999999999999996,0.36
gemini/gemini-2.5-flash,nlsy97,0.36,0.5898399999999999,0.22984000000000004,0.16000000000000003,0.30000000000000004,0.10000000000000003,0.5062,0.42,0.6,0.22407079646017702,0.82,0.45999999999999996,0.36
gemini/gemini-2.5-flash,nlsy97,0.37,0.5836999999999999,0.2237,0.15000000000000002,0.29000000000000004,0.09000000000000002,0.505428,0.41,0.59,0.22407079646017702,0.82,0.45999999999999996,0.36
gemini/gemini-2.5-flash,nlsy97,0.38,0.576616,0.21661599999999998,0.14,0.28,0.10000000000000003,0.504184,0.4,0.6,0.22407079646017702,0.82,0.45999999999999996,0.36
gemini/gemini-2.5-flash,nlsy97,0.39,0.570372,0.21037200000000003,0.13,0.29000000000000004,0.09000000000000002,0.50384,0.41,0.59,0.22407079646017702,0.82,0.45999999999999996,0.36
gemini/gemini-2.5-flash,nlsy97,0.4,0.56375,0.20375000000000004,0.14,0.28,0.08000000000000002,0.50432,0.4,0.6,0.22407079646017702,0.82,0.45999999999999996,0.36
gemini/gemini-2.5-flash,nlsy97,0.41,0.55821,0.19821,0.13,0.27,0.07,0.503754,0.41,0.59,0.22407079646017702,0.82,0.45999999999999996,0.36
gemini/gemini-2.5-flash,nlsy97,0.42,0.551174,0.191174,0.12,0.26,0.06,0.502676,0.4,0.6,0.22407079646017702,0.82,0.45999999999999996,0.36
gemini/gemini-2.5-flash,nlsy97,0.43,0.544222,0.18422199999999997,0.10999999999999999,0.25,0.04999999999999999,0.503242,0.41,0.61,0.22407079646017702,0.82,0.45999999999999996,0.36
gemini/gemini-2.5-flash,nlsy97,0.44,0.538484,0.17848400000000006,0.10000000000000003,0.26,0.040000000000000036,0.502426,0.4,0.6,0.22407079646017702,0.82,0.45999999999999996,0.36
gemini/gemini-2.5-flash,nlsy97,0.45,0.5324979999999999,0.172498,0.09000000000000002,0.25,0.030000000000000027,0.50268,0.41,0.59,0.22407079646017702,0.82,0.45999999999999996,0.36
gemini/gemini-2.5-flash,nlsy97,0.46,0.525992,0.16599200000000006,0.10000000000000003,0.24,0.020000000000000018,0.501746,0.4,0.6,0.22407079646017702,0.82,0.45999999999999996,0.36
gemini/gemini-2.5-flash,nlsy97,0.47,0.51922,0.15922,0.09000000000000002,0.22999999999999998,0.030000000000000027,0.501786,0.41,0.61,0.22407079646017702,0.82,0.45999999999999996,0.36
gemini/gemini-2.5-flash,nlsy97,0.48,0.512708,0.15270800000000004,0.08000000000000002,0.21999999999999997,0.020000000000000018,0.500786,0.4,0.6,0.22407079646017702,0.82,0.45999999999999996,0.36
gemini/gemini-2.5-flash,nlsy97,0.49,0.5067619999999999,0.14676199999999998,0.07,0.22999999999999998,0.010000000000000009,0.500484,0.41,0.59,0.22407079646017702,0.82,0.45999999999999996,0.36
gemini/gemini-2.5-flash,nlsy97,0.5,0.4998,0.13980000000000004,0.06,0.21999999999999997,0.0,0.499748,0.4,0.6,0.22407079646017702,0.82,0.45999999999999996,0.36
gpt-4o-mini,compas,0.01,0.3824160000000001,0.06758400000000002,0.06,0.08000000000000002,0.06,0.705952,0.7,0.72,0.08500000000000002,0.38,0.07,0.45
gpt-4o-mini,compas,0.02,0.38485199999999997,0.06514800000000001,0.04999999999999999,0.09000000000000002,0.04999999999999999,0.7016319999999999,0.69,0.73,0.08500000000000002,0.38,0.07,0.45
gpt-4o-mini,compas,0.03,0.38731400000000005,0.06268600000000002,0.040000000000000036,0.10000000000000003,0.040000000000000036,0.697594,0.68,0.72,0.08500000000000002,0.38,0.07,0.45
gpt-4o-mini,compas,0.04,0.38953999999999994,0.060460000000000014,0.030000000000000027,0.09000000000000002,0.030000000000000027,0.693314,0.67,0.73,0.08500000000000002,0.38,0.07,0.45
gpt-4o-mini,compas,0.05,0.3921160000000001,0.05788400000000001,0.020000000000000018,0.10000000000000003,0.020000000000000018,0.688796,0.66,0.72,0.08500000000000002,0.38,0.07,0.45
gpt-4o-mini,compas,0.06,0.394216,0.055784000000000014,0.010000000000000009,0.10999999999999999,0.010000000000000009,0.684924,0.65,0.73,0.08500000000000002,0.38,0.07,0.45
gpt-4o-mini,compas,0.07,0.39708000000000004,0.052920000000000016,0.0,0.10000000000000003,0.0,0.6805359999999999,0.64,0.72,0.08500000000000002,0.38,0.07,0.45
gpt-4o-mini,compas,0.08,0.399562,0.05084400000000001,0.010000000000000009,0.10999999999999999,0.010000000000000009,0.676514,0.63,0.73,0.08500000000000002,0.38,0.07,0.45
gpt-4o-mini,compas,0.09,0.40143600000000007,0.04900800000000002,0.0,0.10000000000000003,0.0,0.672524,0.62,0.72,0.08500000000000002,0.38,0.07,0.45
gpt-4o-mini,compas,0.1,0.404582,0.04672600000000001,0.010000000000000009,0.10999999999999999,0.010000000000000009,0.66809,0.61,0.73,0.08500000000000002,0.38,0.07,0.45
gpt-4o-mini,compas,0.11,0.40618800000000005,0.045232000000000015,0.0,0.10000000000000003,0.0,0.664116,0.62,0.72,0.08500000000000002,0.38,0.07,0.45
gpt-4o-mini,compas,0.12,0.408616,0.043974000000000006,0.010000000000000009,0.10999999999999999,0.010000000000000009,0.659316,0.61,0.71,0.08500000000000002,0.38,0.07,0.45
gpt-4o-mini,compas,0.13,0.411538,0.04174600000000001,0.0,0.10000000000000003,0.0,0.655746,0.6,0.72,0.08500000000000002,0.38,0.07,0.45
gpt-4o-mini,compas,0.14,0.41331399999999996,0.04134200000000001,0.010000000000000009,0.10999999999999999,0.010000000000000009,0.651294,0.59,0.71,0.08500000000000002,0.38,0.07,0.45
gpt-4o-mini,compas,0.15,0.415638,0.039710000000000016,0.0,0.10000000000000003,0.0,0.646906,0.58,0.72,0.08500000000000002,0.38,0.07,0.45
gpt-4o-mini,compas,0.16,0.417792,0.03938200000000001,0.010000000000000009,0.10999999999999999,0.010000000000000009,0.64302,0.59,0.71,0.08500000000000002,0.38,0.07,0.45
gpt-4o-mini,compas,0.17,0.42086999999999997,0.037098000000000006,0.0,0.10000000000000003,0.0,0.638604,0.58,0.7,0.08500000000000002,0.38,0.07,0.45
gpt-4o-mini,compas,0.18,0.42357199999999995,0.037496,0.010000000000000009,0.10999999999999999,0.010000000000000009,0.6336240000000001,0.57,0.71,0.08500000000000002,0.38,0.07,0.45
gpt-4o-mini,compas,0.19,0.425814,0.03571400000000001,0.0,0.10000000000000003,0.0,0.630164,0.56,0.7,0.08500000000000002,0.38,0.07,0.45
gpt-4o-mini,compas,0.2,0.4277639999999999,0.036598000000000006,0.010000000000000009,0.10999999999999999,0.010000000000000009,0.6255780000000001,0.55,0.69,0.08500000000000002,0.38,0.07,0.45
gpt-4o-mini,compas,0.21,0.43071800000000005,0.034366,0.0,0.10000000000000003,0.0,0.62195,0.56,0.7,0.08500000000000002,0.38,0.07,0.45
gpt-4o-mini,compas,0.22,0.43295199999999995,0.03551800000000001,0.010000000000000009,0.09000000000000002,0.010000000000000009,0.6170180000000001,0.55,0.69,0.08500000000000002,0.38,0.07,0.45
gpt-4o-mini,compas,0.23,0.434742,0.03441,0.0,0.10000000000000003,0.0,0.613288,0.54,0.7,0.08500000000000002,0.38,0.07,0.45
gpt-4o-mini,compas,0.24,0.43738999999999995,0.03511600000000001,0.010000000000000009,0.09000000000000002,0.010000000000000009,0.609668,0.53,0.69,0.08500000000000002,0.38,0.07,0.45
gpt-4o-mini,compas,0.25,0.4403480000000001,0.034068,0.0,0.10000000000000003,0.0,0.6049939999999999,0.54,0.68,0.08500000000000002,0.38,0.07,0.45
gpt-4o-mini,compas,0.26,0.44256399999999996,0.034758000000000004,0.010000000000000009,0.09000000000000002,0.010000000000000009,0.6009,0.53,0.69,0.08500000000000002,0.38,0.07,0.45
gpt-4o-mini,compas,0.27,0.44438599999999995,0.034789999999999995,0.0,0.10000000000000003,0.0,0.596388,0.52,0.68,0.08500000000000002,0.38,0.07,0.45
gpt-4o-mini,compas,0.28,0.446644,0.035028000000000004,0.010000000000000009,0.09000000000000002,0.010000000000000009,0.592154,0.51,0.67,0.08500000000000002,0.38,0.07,0.45
gpt-4o-mini,compas,0.29,0.449376,0.03476,0.0,0.10000000000000003,0.0,0.588376,0.52,0.68,0.08500000000000002,0.38,0.07,0.45
gpt-4o-mini,compas,0.3,0.45237799999999995,0.03611,0.010000000000000009,0.10999999999999999,0.010000000000000009,0.5837,0.51,0.67,0.08500000000000002,0.38,0.07,0.45
gpt-4o-mini,compas,0.31,0.454668,0.035708,0.0,0.10000000000000003,0.0,0.579468,0.5,0.66,0.08500000000000002,0.38,0.07,0.45
gpt-4o-mini,compas,0.32,0.45694799999999997,0.036952000000000006,0.010000000000000009,0.10999999999999999,0.010000000000000009,0.5753279999999998,0.49,0.65,0.08500000000000002,0.38,0.07,0.45
gpt-4o-mini,compas,0.33,0.46042199999999994,0.037346,0.0,0.10000000000000003,0.0,0.5709120000000001,0.48,0.66,0.08500000000000002,0.38,0.07,0.45
gpt-4o-mini,compas,0.34,0.46159799999999995,0.038636000000000004,0.010000000000000009,0.11000000000000004,0.010000000000000009,0.567494,0.49,0.65,0.08500000000000002,0.38,0.07,0.45
gpt-4o-mini,compas,0.35,0.463592,0.0375,0.0,0.10000000000000003,0.0,0.56213,0.48,0.64,0.08500000000000002,0.38,0.07,0.45
gpt-4o-mini,compas,0.36,0.46659400000000006,0.040056,0.010000000000000009,0.11000000000000004,0.010000000000000009,0.558716,0.47,0.65,0.08500000000000002,0.38,0.07,0.45
gpt-4o-mini,compas,0.37,0.468474,0.04012999999999999,0.0,0.11999999999999994,0.0,0.55467,0.46,0.64,0.08500000000000002,0.38,0.07,0.45
gpt-4o-mini,compas,0.38,0.470742,0.042,0.010000000000000009,0.11000000000000004,0.010000000000000009,0.550384,0.47,0.63,0.08500000000000002,0.38,0.07,0.45
gpt-4o-mini,compas,0.39,0.473602,0.041998,0.0,0.11999999999999994,0.0,0.5453479999999999,0.46,0.64,0.08500000000000002,0.38,0.07,0.45
gpt-4o-mini,compas,0.4,0.47535199999999994,0.043758000000000005,0.010000000000000009,0.11000000000000004,0.010000000000000009,0.54228,0.45,0.63,0.08500000000000002,0.38,0.07,0.45
gpt-4o-mini,compas,0.41,0.47864799999999996,0.044828,0.0,0.11999999999999994,0.0,0.5377360000000001,0.46,0.62,0.08500000000000002,0.38,0.07,0.45
gpt-4o-mini,compas,0.42,0.481182,0.04711800000000001,0.010000000000000009,0.12999999999999995,0.010000000000000009,0.5331,0.45,0.63,0.08500000000000002,0.38,0.07,0.45
gpt-4o-mini,compas,0.43,0.48295599999999994,0.046479999999999994,0.0,0.11999999999999994,0.0,0.529148,0.44,0.62,0.08500000000000002,0.38,0.07,0.45
gpt-4o-mini,compas,0.44,0.4861559999999999,0.04972000000000001,0.010000000000000009,0.12999999999999995,0.010000000000000009,0.525388,0.43,0.61,0.08500000000000002,0.38,0.07,0.45
gpt-4o-mini,compas,0.45,0.4875620000000001,0.049493999999999996,0.0,0.13999999999999996,0.0,0.5208780000000001,0.44,0.62,0.08500000000000002,0.38,0.07,0.45
gpt-4o-mini,compas,0.46,0.49051999999999996,0.051622,0.010000000000000009,0.12999999999999995,0.010000000000000009,0.516726,0.43,0.61,0.08500000000000002,0.38,0.07,0.45
gpt-4o-mini,compas,0.47,0.49289399999999994,0.052702,0.0,0.13999999999999996,0.0,0.511784,0.42,0.6,0.08500000000000002,0.38,0.07,0.45
gpt-4o-mini,compas,0.48,0.49473999999999996,0.05421,0.010000000000000009,0.12999999999999995,0.010000000000000009,0.508386,0.41,0.59,0.08500000000000002,0.38,0.07,0.45
gpt-4o-mini,compas,0.49,0.49713199999999996,0.0555,0.0,0.13999999999999996,0.0,0.5049239999999999,0.42,0.6,0.08500000000000002,0.38,0.07,0.45
gpt-4o-mini,compas,0.5,0.500342,0.058274,0.010000000000000009,0.14999999999999997,0.010000000000000009,0.5004700000000001,0.41,0.59,0.08500000000000002,0.38,0.07,0.45
gpt-4.1-mini,compas,0.01,0.3725299999999999,0.07747000000000002,0.07,0.09000000000000002,0.07,0.7351620000000001,0.73,0.75,0.07500000000000001,0.37,0.08000000000000002,0.45
gpt-4.1-mini,compas,0.02,0.37523600000000007,0.07476400000000002,0.06,0.10000000000000003,0.06,0.730344,0.72,0.76,0.07500000000000001,0.37,0.08000000000000002,0.45
gpt-4.1-mini,compas,0.03,0.37778999999999996,0.07221000000000001,0.04999999999999999,0.10999999999999999,0.04999999999999999,0.725524,0.71,0.75,0.07500000000000001,0.37,0.08000000000000002,0.45
gpt-4.1-mini,compas,0.04,0.38065200000000005,0.069348,0.040000000000000036,0.10000000000000003,0.040000000000000036,0.72081,0.7,0.76,0.07500000000000001,0.37,0.08000000000000002,0.45
gpt-4.1-mini,compas,0.05,0.38300599999999996,0.06699400000000001,0.030000000000000027,0.10999999999999999,0.030000000000000027,0.716236,0.69,0.75,0.07500000000000001,0.37,0.08000000000000002,0.45
gpt-4.1-mini,compas,0.06,0.38526400000000005,0.06473600000000002,0.020000000000000018,0.10000000000000003,0.020000000000000018,0.711154,0.68,0.76,0.07500000000000001,0.37,0.08000000000000002,0.45
gpt-4.1-mini,compas,0.07,0.38787599999999994,0.06212400000000001,0.010000000000000009,0.10999999999999999,0.010000000000000009,0.70608,0.67,0.75,0.07500000000000001,0.37,0.08000000000000002,0.45
gpt-4.1-mini,compas,0.08,0.3908020000000001,0.059198000000000014,0.020000000000000018,0.10049999999999276,0.0,0.7013719999999999,0.66,0.76,0.07500000000000001,0.37,0.08000000000000002,0.45
gpt-4.1-mini,compas,0.09,0.39311399999999996,0.05713600000000001,0.010000000000000009,0.10999999999999999,0.010000000000000009,0.6967479999999999,0.65,0.75,0.07500000000000001,0.37,0.08000000000000002,0.45
gpt-4.1-mini,compas,0.1,0.3968360000000001,0.05350000000000002,0.0,0.12,0.0,0.6921299999999999,0.64,0.74,0.07500000000000001,0.37,0.08000000000000002,0.45
gpt-4.1-mini,compas,0.11,0.39837,0.052524,0.010000000000000009,0.10999999999999999,0.010000000000000009,0.687198,0.63,0.75,0.07500000000000001,0.37,0.08000000000000002,0.45
gpt-4.1-mini,compas,0.12,0.40063000000000004,0.050526000000000015,0.0,0.12,0.0,0.6816760000000001,0.64,0.74,0.07500000000000001,0.37,0.08000000000000002,0.45
gpt-4.1-mini,compas,0.13,0.403864,0.048296000000000006,0.010000000000000009,0.10999999999999999,0.010000000000000009,0.6774879999999999,0.63,0.73,0.07500000000000001,0.37,0.08000000000000002,0.45
gpt-4.1-mini,compas,0.14,0.406242,0.04607400000000001,0.0,0.10000000000000003,0.0,0.6727960000000001,0.62,0.74,0.07500000000000001,0.37,0.08000000000000002,0.45
gpt-4.1-mini,compas,0.15,0.40895599999999993,0.044820000000000006,0.010000000000000009,0.10999999999999999,0.010000000000000009,0.668466,0.61,0.73,0.07500000000000001,0.37,0.08000000000000002,0.45
gpt-4.1-mini,compas,0.16,0.41158,0.04268400000000001,0.0,0.10000000000000003,0.0,0.663172,0.6,0.72,0.07500000000000001,0.37,0.08000000000000002,0.45
gpt-4.1-mini,compas,0.17,0.41432399999999997,0.04170200000000001,0.010000000000000009,0.10999999999999999,0.010000000000000009,0.6588,0.59,0.73,0.07500000000000001,0.37,0.08000000000000002,0.45
gpt-4.1-mini,compas,0.18,0.41662800000000005,0.04017200000000001,0.0,0.10000000000000003,0.0,0.653962,0.6,0.72,0.07500000000000001,0.37,0.08000000000000002,0.45
gpt-4.1-mini,compas,0.19,0.419246,0.04004200000000001,0.010000000000000009,0.10999999999999999,0.010000000000000009,0.647856,0.59,0.71,0.07500000000000001,0.37,0.08000000000000002,0.45
gpt-4.1-mini,compas,0.2,0.4226580000000001,0.037770000000000005,0.0,0.10000000000000003,0.0,0.644202,0.58,0.72,0.07500000000000001,0.37,0.08000000000000002,0.45
gpt-4.1-mini,compas,0.21,0.424508,0.03827400000000001,0.010000000000000009,0.10999999999999999,0.010000000000000009,0.639028,0.57,0.71,0.07500000000000001,0.37,0.08000000000000002,0.45
gpt-4.1-mini,compas,0.22,0.42759800000000014,0.036478000000000003,0.0,0.10000000000000003,0.0,0.63378,0.56,0.7,0.07500000000000001,0.37,0.08000000000000002,0.45
gpt-4.1-mini,compas,0.23,0.42982600000000004,0.036722000000000005,0.010000000000000009,0.10999999999999999,0.010000000000000009,0.6304639999999999,0.57,0.71,0.07500000000000001,0.37,0.08000000000000002,0.45
gpt-4.1-mini,compas,0.24,0.43227,0.03590600000000001,0.0,0.10000000000000003,0.0,0.6245539999999999,0.56,0.7,0.07500000000000001,0.37,0.08000000000000002,0.45
gpt-4.1-mini,compas,0.25,0.43509799999999993,0.03562800000000001,0.010000000000000009,0.09000000000000002,0.010000000000000009,0.619796,0.55,0.69,0.07500000000000001,0.37,0.08000000000000002,0.45
gpt-4.1-mini,compas,0.26,0.43797600000000003,0.035188,0.0,0.10000000000000003,0.0,0.615024,0.54,0.7,0.07500000000000001,0.37,0.08000000000000002,0.45
gpt-4.1-mini,compas,0.27,0.440586,0.035584000000000005,0.010000000000000009,0.09000000000000002,0.010000000000000009,0.61025,0.53,0.69,0.07500000000000001,0.37,0.08000000000000002,0.45
gpt-4.1-mini,compas,0.28,0.44291,0.034398000000000005,0.0,0.10000000000000003,0.0,0.605718,0.52,0.68,0.07500000000000001,0.37,0.08000000000000002,0.45
gpt-4.1-mini,compas,0.29,0.44440799999999997,0.035546,0.010000000000000009,0.09000000000000002,0.010000000000000009,0.6001559999999999,0.53,0.69,0.07500000000000001,0.37,0.08000000000000002,0.45
gpt-4.1-mini,compas,0.3,0.44798000000000004,0.034656000000000006,0.0,0.10000000000000003,0.0,0.596146,0.52,0.68,0.07500000000000001,0.37,0.08000000000000002,0.45
gpt-4.1-mini,compas,0.31,0.45143199999999994,0.036292000000000005,0.010000000000000009,0.09000000000000002,0.010000000000000009,0.59114,0.51,0.67,0.07500000000000001,0.37,0.08000000000000002,0.45
gpt-4.1-mini,compas,0.32,0.4529660000000001,0.035838,0.0,0.10000000000000003,0.0,0.586162,0.5,0.66,0.07500000000000001,0.37,0.08000000000000002,0.45
gpt-4.1-mini,compas,0.33,0.455934,0.03701,0.010000000000000009,0.10999999999999999,0.010000000000000009,0.5815040000000001,0.51,0.67,0.07500000000000001,0.37,0.08000000000000002,0.45
gpt-4.1-mini,compas,0.34,0.458796,0.03643199999999999,0.0,0.10000000000000003,0.0,0.5773739999999999,0.5,0.66,0.07500000000000001,0.37,0.08000000000000002,0.45
gpt-4.1-mini,compas,0.35,0.4612379999999999,0.038852,0.010000000000000009,0.11000000000000004,0.010000000000000009,0.571832,0.49,0.65,0.07500000000000001,0.37,0.08000000000000002,0.45
gpt-4.1-mini,compas,0.36,0.464046,0.038686,0.0,0.10000000000000003,0.0,0.567574,0.48,0.66,0.07500000000000001,0.37,0.08000000000000002,0.45
gpt-4.1-mini,compas,0.37,0.465984,0.039872000000000005,0.010000000000000009,0.11000000000000004,0.010000000000000009,0.563084,0.49,0.65,0.07500000000000001,0.37,0.08000000000000002,0.45
gpt-4.1-mini,compas,0.38,0.468272,0.0397,0.0,0.11999999999999994,0.0,0.557722,0.48,0.64,0.07500000000000001,0.37,0.08000000000000002,0.45
gpt-4.1-mini,compas,0.39,0.4710700000000001,0.041982,0.010000000000000009,0.11000000000000004,0.010000000000000009,0.552558,0.47,0.63,0.07500000000000001,0.37,0.08000000000000002,0.45
gpt-4.1-mini,compas,0.4,0.47422800000000004,0.04226,0.0,0.11999999999999994,0.0,0.547844,0.46,0.64,0.07500000000000001,0.37,0.08000000000000002,0.45
gpt-4.1-mini,compas,0.41,0.47637399999999996,0.043968,0.010000000000000009,0.12999999999999995,0.010000000000000009,0.5430560000000001,0.45,0.63,0.07500000000000001,0.37,0.08000000000000002,0.45
gpt-4.1-mini,compas,0.42,0.47815799999999997,0.044177999999999995,0.0,0.11999999999999994,0.0,0.538132,0.46,0.62,0.07500000000000001,0.37,0.08000000000000002,0.45
gpt-4.1-mini,compas,0.43,0.48223600000000005,0.047258,0.010000000000000009,0.12999999999999995,0.010000000000000009,0.533478,0.45,0.61,0.07500000000000001,0.37,0.08000000000000002,0.45
gpt-4.1-mini,compas,0.44,0.48337399999999997,0.046681999999999994,0.0,0.11999999999999994,0.0,0.528558,0.44,0.62,0.07500000000000001,0.37,0.08000000000000002,0.45
gpt-4.1-mini,compas,0.45,0.48707599999999995,0.049674,0.010000000000000009,0.12999999999999995,0.010000000000000009,0.5244840000000001,0.43,0.61,0.07500000000000001,0.37,0.08000000000000002,0.45
gpt-4.1-mini,compas,0.46,0.4896880000000001,0.05028,0.0,0.13999999999999996,0.0,0.5197780000000001,0.44,0.6,0.07500000000000001,0.37,0.08000000000000002,0.45
gpt-4.1-mini,compas,0.47,0.4926620000000001,0.053222000000000005,0.010000000000000009,0.12999999999999995,0.010000000000000009,0.514828,0.43,0.61,0.07500000000000001,0.37,0.08000000000000002,0.45
gpt-4.1-mini,compas,0.48,0.49375,0.052905999999999995,0.0,0.13999999999999996,0.0,0.5092300000000001,0.42,0.6,0.07500000000000001,0.37,0.08000000000000002,0.45
gpt-4.1-mini,compas,0.49,0.49795200000000006,0.056192000000000006,0.010000000000000009,0.14999999999999997,0.010000000000000009,0.5049959999999999,0.43,0.59,0.07500000000000001,0.37,0.08000000000000002,0.45
gpt-4.1-mini,compas,0.5,0.501132,0.05814799999999999,0.0,0.13999999999999996,0.0,0.500484,0.42,0.58,0.07500000000000001,0.37,0.08000000000000002,0.45
gemini/gemini-2.5-flash,compas,0.01,0.343274,0.10672600000000002,0.10000000000000003,0.12,0.10000000000000003,0.705904,0.7,0.72,0.06260504201680667,0.34,0.10999999999999999,0.45
gemini/gemini-2.5-flash,compas,0.02,0.34625599999999995,0.103744,0.09000000000000002,0.13,0.09000000000000002,0.7016979999999999,0.69,0.73,0.06260504201680667,0.34,0.10999999999999999,0.45
gemini/gemini-2.5-flash,compas,0.03,0.34950200000000003,0.10049800000000002,0.08000000000000002,0.14,0.08000000000000002,0.697526,0.68,0.72,0.06260504201680667,0.34,0.10999999999999999,0.45
gemini/gemini-2.5-flash,compas,0.04,0.35255999999999993,0.09744000000000001,0.07,0.13,0.07,0.693136,0.67,0.73,0.06260504201680667,0.34,0.10999999999999999,0.45
gemini/gemini-2.5-flash,compas,0.05,0.35576,0.09424000000000002,0.06,0.14,0.06,0.6892459999999999,0.66,0.74,0.06260504201680667,0.34,0.10999999999999999,0.45
gemini/gemini-2.5-flash,compas,0.06,0.3593719999999999,0.09062800000000001,0.04999999999999999,0.13,0.04999999999999999,0.6846559999999999,0.65,0.73,0.06260504201680667,0.34,0.10999999999999999,0.45
gemini/gemini-2.5-flash,compas,0.07,0.36252000000000006,0.08748000000000002,0.040000000000000036,0.14,0.040000000000000036,0.680592,0.64,0.72,0.06260504201680667,0.34,0.10999999999999999,0.45
gemini/gemini-2.5-flash,compas,0.08,0.3655279999999999,0.08447200000000002,0.030000000000000027,0.13,0.030000000000000027,0.676266,0.63,0.73,0.06260504201680667,0.34,0.10999999999999999,0.45
gemini/gemini-2.5-flash,compas,0.09,0.36907400000000007,0.08092600000000003,0.040000000000000036,0.14,0.020000000000000018,0.671942,0.62,0.72,0.06260504201680667,0.34,0.10999999999999999,0.45
gemini/gemini-2.5-flash,compas,0.1,0.372174,0.07782600000000002,0.030000000000000027,0.13,0.010000000000000009,0.668022,0.61,0.73,0.06260504201680667,0.34,0.10999999999999999,0.45
gemini/gemini-2.5-flash,compas,0.11,0.375192,0.07480800000000001,0.020000000000000018,0.14,0.0,0.66412,0.62,0.72,0.06260504201680667,0.34,0.10999999999999999,0.45
gemini/gemini-2.5-flash,compas,0.12,0.37829599999999997,0.07179,0.010000000000000009,0.13,0.010000000000000009,0.660168,0.61,0.71,0.06260504201680667,0.34,0.10999999999999999,0.45
gemini/gemini-2.5-flash,compas,0.13,0.38156600000000007,0.06854600000000001,0.020000000000000018,0.14,0.0,0.655208,0.6,0.72,0.06260504201680667,0.34,0.10999999999999999,0.45
gemini/gemini-2.5-flash,compas,0.14,0.384536,0.06592600000000001,0.010000000000000009,0.13,0.010000000000000009,0.651258,0.59,0.71,0.06260504201680667,0.34,0.10999999999999999,0.45
gemini/gemini-2.5-flash,compas,0.15,0.38748800000000005,0.06297600000000002,0.0,0.14,0.0,0.646904,0.58,0.72,0.06260504201680667,0.34,0.10999999999999999,0.45
gemini/gemini-2.5-flash,compas,0.16,0.39164199999999993,0.05943800000000001,0.010000000000000009,0.13,0.010000000000000009,0.64275,0.59,0.71,0.06260504201680667,0.34,0.10999999999999999,0.45
gemini/gemini-2.5-flash,compas,0.17,0.39440200000000003,0.05678600000000001,0.0,0.12,0.0,0.638278,0.58,0.7,0.06260504201680667,0.34,0.10999999999999999,0.45
gemini/gemini-2.5-flash,compas,0.18,0.39735999999999994,0.05483600000000001,0.010000000000000009,0.13,0.010000000000000009,0.634524,0.57,0.71,0.06260504201680667,0.34,0.10999999999999999,0.45
gemini/gemini-2.5-flash,compas,0.19,0.40069000000000005,0.051982000000000014,0.0,0.12,0.0,0.629558,0.56,0.7,0.06260504201680667,0.34,0.10999999999999999,0.45
gemini/gemini-2.5-flash,compas,0.2,0.404116,0.05008000000000001,0.010000000000000009,0.13,0.010000000000000009,0.625898,0.55,0.69,0.06260504201680667,0.34,0.10999999999999999,0.45
gemini/gemini-2.5-flash,compas,0.21,0.406938,0.047466000000000015,0.0,0.12,0.0,0.6219899999999999,0.56,0.7,0.06260504201680667,0.34,0.10999999999999999,0.45
gemini/gemini-2.5-flash,compas,0.22,0.410046,0.04637800000000001,0.010000000000000009,0.10999999999999999,0.010000000000000009,0.617692,0.55,0.69,0.06260504201680667,0.34,0.10999999999999999,0.45
gemini/gemini-2.5-flash,compas,0.23,0.4136639999999999,0.04397200000000001,0.0,0.12,0.0,0.613046,0.54,0.7,0.06260504201680667,0.34,0.10999999999999999,0.45
gemini/gemini-2.5-flash,compas,0.24,0.41630600000000006,0.04312400000000001,0.010000000000000009,0.10999999999999999,0.010000000000000009,0.609036,0.53,0.69,0.06260504201680667,0.34,0.10999999999999999,0.45
gemini/gemini-2.5-flash,compas,0.25,0.41955,0.040498000000000006,0.0,0.12,0.0,0.604798,0.52,0.68,0.06260504201680667,0.34,0.10999999999999999,0.45
gemini/gemini-2.5-flash,compas,0.26,0.423026,0.04022400000000001,0.010000000000000009,0.10999999999999999,0.010000000000000009,0.600348,0.53,0.69,0.06260504201680667,0.34,0.10999999999999999,0.45
gemini/gemini-2.5-flash,compas,0.27,0.4262300000000001,0.03791400000000001,0.0,0.10000000000000003,0.0,0.5969260000000001,0.52,0.68,0.06260504201680667,0.34,0.10999999999999999,0.45
gemini/gemini-2.5-flash,compas,0.28,0.43057199999999995,0.037872,0.010000000000000009,0.10999999999999999,0.010000000000000009,0.592228,0.51,0.67,0.06260504201680667,0.34,0.10999999999999999,0.45
gemini/gemini-2.5-flash,compas,0.29,0.433112,0.036392,0.0,0.10000000000000003,0.0,0.589018,0.52,0.68,0.06260504201680667,0.34,0.10999999999999999,0.45
gemini/gemini-2.5-flash,compas,0.3,0.43617,0.03694200000000001,0.010000000000000009,0.09000000000000002,0.010000000000000009,0.584384,0.51,0.67,0.06260504201680667,0.34,0.10999999999999999,0.45
gemini/gemini-2.5-flash,compas,0.31,0.43987800000000005,0.035458,0.0,0.10000000000000003,0.0,0.580326,0.5,0.66,0.06260504201680667,0.34,0.10999999999999999,0.45
gemini/gemini-2.5-flash,compas,0.32,0.442616,0.03602,0.010000000000000009,0.09000000000000002,0.010000000000000009,0.575126,0.49,0.67,0.06260504201680667,0.34,0.10999999999999999,0.45
gemini/gemini-2.5-flash,compas,0.33,0.44449400000000006,0.035401999999999996,0.0,0.10000000000000003,0.0,0.571536,0.48,0.66,0.06260504201680667,0.34,0.10999999999999999,0.45
gemini/gemini-2.5-flash,compas,0.34,0.44874400000000003,0.036556000000000005,0.010000000000000009,0.10999999999999999,0.010000000000000009,0.567434,0.49,0.65,0.06260504201680667,0.34,0.10999999999999999,0.45
gemini/gemini-2.5-flash,compas,0.35,0.452154,0.035429999999999996,0.0,0.10000000000000003,0.0,0.563226,0.48,0.64,0.06260504201680667,0.34,0.10999999999999999,0.45
gemini/gemini-2.5-flash,compas,0.36,0.45504400000000006,0.036964,0.010000000000000009,0.10999999999999999,0.010000000000000009,0.55889,0.47,0.65,0.06260504201680667,0.34,0.10999999999999999,0.45
gemini/gemini-2.5-flash,compas,0.37,0.458934,0.037017999999999995,0.0,0.10000000000000003,0.0,0.554894,0.48,0.64,0.06260504201680667,0.34,0.10999999999999999,0.45
gemini/gemini-2.5-flash,compas,0.38,0.46132399999999996,0.03801600000000001,0.010000000000000009,0.11000000000000004,0.010000000000000009,0.551108,0.47,0.63,0.06260504201680667,0.34,0.10999999999999999,0.45
gemini/gemini-2.5-flash,compas,0.39,0.464868,0.03904,0.0,0.10000000000000003,0.0,0.545842,0.46,0.64,0.06260504201680667,0.34,0.10999999999999999,0.45
gemini/gemini-2.5-flash,compas,0.4,0.46806800000000004,0.040126,0.010000000000000009,0.11000000000000004,0.010000000000000009,0.542154,0.45,0.63,0.06260504201680667,0.34,0.10999999999999999,0.45
gemini/gemini-2.5-flash,compas,0.41,0.471404,0.04073199999999999,0.0,0.11999999999999994,0.0,0.537444,0.46,0.62,0.06260504201680667,0.34,0.10999999999999999,0.45
gemini/gemini-2.5-flash,compas,0.42,0.474166,0.043018,0.010000000000000009,0.11000000000000004,0.010000000000000009,0.5334899999999999,0.45,0.63,0.06260504201680667,0.34,0.10999999999999999,0.45
gemini/gemini-2.5-flash,compas,0.43,0.4773,0.043576,0.0,0.11999999999999994,0.0,0.529034,0.44,0.62,0.06260504201680667,0.34,0.10999999999999999,0.45
gemini/gemini-2.5-flash,compas,0.44,0.480538,0.045626,0.010000000000000009,0.12999999999999995,0.010000000000000009,0.5243639999999999,0.43,0.61,0.06260504201680667,0.34,0.10999999999999999,0.45
gemini/gemini-2.5-flash,compas,0.45,0.48311800000000005,0.046245999999999995,0.0,0.11999999999999994,0.0,0.521782,0.44,0.6,0.06260504201680667,0.34,0.10999999999999999,0.45
gemini/gemini-2.5-flash,compas,0.46,0.48647799999999997,0.049046000000000006,0.010000000000000009,0.12999999999999995,0.010000000000000009,0.517226,0.43,0.61,0.06260504201680667,0.34,0.10999999999999999,0.45
gemini/gemini-2.5-flash,compas,0.47,0.490356,0.050471999999999996,0.0,0.13999999999999996,0.0,0.511916,0.42,0.6,0.06260504201680667,0.34,0.10999999999999999,0.45
gemini/gemini-2.5-flash,compas,0.48,0.4934460000000001,0.053094,0.010000000000000009,0.12999999999999995,0.010000000000000009,0.5091979999999999,0.43,0.59,0.06260504201680667,0.34,0.10999999999999999,0.45
gemini/gemini-2.5-flash,compas,0.49,0.4972160000000001,0.055291999999999994,0.0,0.13999999999999996,0.0,0.504294,0.42,0.6,0.06260504201680667,0.34,0.10999999999999999,0.45
gemini/gemini-2.5-flash,compas,0.5,0.5003479999999999,0.05757999999999999,0.010000000000000009,0.14999999999999997,0.010000000000000009,0.50041,0.41,0.59,0.06260504201680667,0.34,0.10999999999999999,0.45
